Waktu,Username,Pesan,Video ID,Video Title,Sentiment
0,@samsiatii,Samsiati Biro POD Prov. Jatim,11ADdPwF5d4,ASN Belajar Seri 19 | 2026 - Spirit Muharram 1448 H: ASN Hijrah Menuju Birokrasi Amanah,Neutral
0,@Bunida-mo3uc,BUNIDA kecamatan kalisat,11ADdPwF5d4,ASN Belajar Seri 19 | 2026 - Spirit Muharram 1448 H: ASN Hijrah Menuju Birokrasi Amanah,Neutral
0,@tigabelas4503,di bulan muharram lebib istiqomah,11ADdPwF5d4,ASN Belajar Seri 19 | 2026 - Spirit Muharram 1448 H: ASN Hijrah Menuju Birokrasi Amanah,Neutral
0,@tigabelas4503,siap menyaksikan,11ADdPwF5d4,ASN Belajar Seri 19 | 2026 - Spirit Muharram 1448 H: ASN Hijrah Menuju Birokrasi Amanah,Neutral
0,@tigabelas4503,jasem menyaksikan,11ADdPwF5d4,ASN Belajar Seri 19 | 2026 - Spirit Muharram 1448 H: ASN Hijrah Menuju Birokrasi Amanah,Neutral
0,@tigabelas4503,menyaksikan,11ADdPwF5d4,ASN Belajar Seri 19 | 2026 - Spirit Muharram 1448 H: ASN Hijrah Menuju Birokrasi Amanah,Neutral
0,@FathanAzham-z1w,menyaksikan,11ADdPwF5d4,ASN Belajar Seri 19 | 2026 - Spirit Muharram 1448 H: ASN Hijrah Menuju Birokrasi Amanah,Neutral
0,@saripurnama8130,Siap menambah ilmu ,11ADdPwF5d4,ASN Belajar Seri 19 | 2026 - Spirit Muharram 1448 H: ASN Hijrah Menuju Birokrasi Amanah,Positive
17,@tigabelas4503,diwek watugaluh jasem santren sabar menunggu,11ADdPwF5d4,ASN Belajar Seri 19 | 2026 - Spirit Muharram 1448 H: ASN Hijrah Menuju Birokrasi Amanah,Neutral
176,@nurhayati-qx6gi,Nurhayati,11ADdPwF5d4,ASN Belajar Seri 19 | 2026 - Spirit Muharram 1448 H: ASN Hijrah Menuju Birokrasi Amanah,Neutral
191,@ratinoratino4304,Salam sehat dari cah jogya ,11ADdPwF5d4,ASN Belajar Seri 19 | 2026 - Spirit Muharram 1448 H: ASN Hijrah Menuju Birokrasi Amanah,Positive
607,@diyanveriyani9951,masih menunggu mulai,11ADdPwF5d4,ASN Belajar Seri 19 | 2026 - Spirit Muharram 1448 H: ASN Hijrah Menuju Birokrasi Amanah,Neutral
607,@tigabelas4503,masih menyaksikan,11ADdPwF5d4,ASN Belajar Seri 19 | 2026 - Spirit Muharram 1448 H: ASN Hijrah Menuju Birokrasi Amanah,Neutral
650,@Air8k,"larto, S.Sos",11ADdPwF5d4,ASN Belajar Seri 19 | 2026 - Spirit Muharram 1448 H: ASN Hijrah Menuju Birokrasi Amanah,Neutral
653,@ApriSusanto-b9j,hasil,11ADdPwF5d4,ASN Belajar Seri 19 | 2026 - Spirit Muharram 1448 H: ASN Hijrah Menuju Birokrasi Amanah,Neutral
661,@agungsaputra9181,menyambut muharam,11ADdPwF5d4,ASN Belajar Seri 19 | 2026 - Spirit Muharram 1448 H: ASN Hijrah Menuju Birokrasi Amanah,Neutral
709,@nurhayati-qx6gi,Nurhayati SMPN 9 Salatiga,11ADdPwF5d4,ASN Belajar Seri 19 | 2026 - Spirit Muharram 1448 H: ASN Hijrah Menuju Birokrasi Amanah,Neutral
714,@SUBURGO,SD negeri 1 Dampit kab. Malang,11ADdPwF5d4,ASN Belajar Seri 19 | 2026 - Spirit Muharram 1448 H: ASN Hijrah Menuju Birokrasi Amanah,Neutral
815,@tigabelas4503,Hamzah #Diwek,11ADdPwF5d4,ASN Belajar Seri 19 | 2026 - Spirit Muharram 1448 H: ASN Hijrah Menuju Birokrasi Amanah,Neutral
862,@tigabelas4503,on,11ADdPwF5d4,ASN Belajar Seri 19 | 2026 - Spirit Muharram 1448 H: ASN Hijrah Menuju Birokrasi Amanah,Neutral
1043,@supriono3820,Supriono RSUD Haji Provinsi Jawa Timur,11ADdPwF5d4,ASN Belajar Seri 19 | 2026 - Spirit Muharram 1448 H: ASN Hijrah Menuju Birokrasi Amanah,Neutral
1082,@tigabelas4503,semoga integritas dan amanah dapat mengurangi tindakan korupsi,11ADdPwF5d4,ASN Belajar Seri 19 | 2026 - Spirit Muharram 1448 H: ASN Hijrah Menuju Birokrasi Amanah,Positive
1102,@tigabelas4503,menuju negara Indonesia lebih baik dan maju,11ADdPwF5d4,ASN Belajar Seri 19 | 2026 - Spirit Muharram 1448 H: ASN Hijrah Menuju Birokrasi Amanah,Positive
1130,@ratinoratino4304,Mari menimak,11ADdPwF5d4,ASN Belajar Seri 19 | 2026 - Spirit Muharram 1448 H: ASN Hijrah Menuju Birokrasi Amanah,Neutral
1192,@ch41nk228,izin pak link daftar hadirnya,11ADdPwF5d4,ASN Belajar Seri 19 | 2026 - Spirit Muharram 1448 H: ASN Hijrah Menuju Birokrasi Amanah,Negative
1205,@rudyhartono1323,"UPTD Destinasi Wisata Terpadu DISPORABUDPAR wisata Patemon kabupaten Jember, hadir.",11ADdPwF5d4,ASN Belajar Seri 19 | 2026 - Spirit Muharram 1448 H: ASN Hijrah Menuju Birokrasi Amanah,Neutral
1208,@tigabelas4503,selamat pagi,11ADdPwF5d4,ASN Belajar Seri 19 | 2026 - Spirit Muharram 1448 H: ASN Hijrah Menuju Birokrasi Amanah,Positive
1265,@rahmatiah-m8q,rahmatiah ,11ADdPwF5d4,ASN Belajar Seri 19 | 2026 - Spirit Muharram 1448 H: ASN Hijrah Menuju Birokrasi Amanah,Neutral
1292,@lutfiindarwanto7982,lutfi,11ADdPwF5d4,ASN Belajar Seri 19 | 2026 - Spirit Muharram 1448 H: ASN Hijrah Menuju Birokrasi Amanah,Neutral
1323,@ratinoratino4304,Semangat,11ADdPwF5d4,ASN Belajar Seri 19 | 2026 - Spirit Muharram 1448 H: ASN Hijrah Menuju Birokrasi Amanah,Positive
1372,@ahmedgagai1146,TB Yayat Sulaeman Setda kota Cilegon,11ADdPwF5d4,ASN Belajar Seri 19 | 2026 - Spirit Muharram 1448 H: ASN Hijrah Menuju Birokrasi Amanah,Neutral
1388,@agustiamri4468,rishelfia Ucimadhani dinas sosial provinsi Riau,11ADdPwF5d4,ASN Belajar Seri 19 | 2026 - Spirit Muharram 1448 H: ASN Hijrah Menuju Birokrasi Amanah,Neutral
1394,@indardeefa3870,Indar,11ADdPwF5d4,ASN Belajar Seri 19 | 2026 - Spirit Muharram 1448 H: ASN Hijrah Menuju Birokrasi Amanah,Neutral
1397,@hening1243,Hening DLH Jatim mengikuti,11ADdPwF5d4,ASN Belajar Seri 19 | 2026 - Spirit Muharram 1448 H: ASN Hijrah Menuju Birokrasi Amanah,Neutral
1422,@BPPMangun,Wahyudi Setiawan BPP Kelurahan Mangunharjo Kota Probolinggo Hadir,11ADdPwF5d4,ASN Belajar Seri 19 | 2026 - Spirit Muharram 1448 H: ASN Hijrah Menuju Birokrasi Amanah,Neutral
1430,@sulis-hw4xp,sulishadir,11ADdPwF5d4,ASN Belajar Seri 19 | 2026 - Spirit Muharram 1448 H: ASN Hijrah Menuju Birokrasi Amanah,Neutral
1478,@bapakbuang6588,"Bpk. BUANG Kasubag Umum dan Pelayanan Kecamatan Kalipuro Kabupaten Banyuwangi, hadir dan mengikuti",11ADdPwF5d4,ASN Belajar Seri 19 | 2026 - Spirit Muharram 1448 H: ASN Hijrah Menuju Birokrasi Amanah,Neutral
1529,@rosidskp,Rosidin,11ADdPwF5d4,ASN Belajar Seri 19 | 2026 - Spirit Muharram 1448 H: ASN Hijrah Menuju Birokrasi Amanah,Neutral
1593,@MOH.ERFANJUNAEDI,haderrr,11ADdPwF5d4,ASN Belajar Seri 19 | 2026 - Spirit Muharram 1448 H: ASN Hijrah Menuju Birokrasi Amanah,Neutral
1598,@MOH.ERFANJUNAEDI,haderrrr,11ADdPwF5d4,ASN Belajar Seri 19 | 2026 - Spirit Muharram 1448 H: ASN Hijrah Menuju Birokrasi Amanah,Neutral
1623,@apikandigital1286,Bismillah,11ADdPwF5d4,ASN Belajar Seri 19 | 2026 - Spirit Muharram 1448 H: ASN Hijrah Menuju Birokrasi Amanah,Positive
1691,@MOH.ERFANJUNAEDI,hDer,11ADdPwF5d4,ASN Belajar Seri 19 | 2026 - Spirit Muharram 1448 H: ASN Hijrah Menuju Birokrasi Amanah,Neutral
1705,@SangkuRiang-d8l,"BASUKI RAHMAD, ST KANTOR KECAMATAN CURAHDAMI KABUPATEN BONDOWOSO HADIR",11ADdPwF5d4,ASN Belajar Seri 19 | 2026 - Spirit Muharram 1448 H: ASN Hijrah Menuju Birokrasi Amanah,Neutral
1740,@barataseno9744,@Didik Seno...ready to follow,11ADdPwF5d4,ASN Belajar Seri 19 | 2026 - Spirit Muharram 1448 H: ASN Hijrah Menuju Birokrasi Amanah,Neutral
1765,@Petromax_Lawas,Bernyimak,11ADdPwF5d4,ASN Belajar Seri 19 | 2026 - Spirit Muharram 1448 H: ASN Hijrah Menuju Birokrasi Amanah,Neutral
2023,@HadiPurwo-c9h,hadi purwanto dlh jatim,11ADdPwF5d4,ASN Belajar Seri 19 | 2026 - Spirit Muharram 1448 H: ASN Hijrah Menuju Birokrasi Amanah,Neutral
2035,@ivancahyono8533,akhlak lebih tinggi daripada ilmu...setuju,11ADdPwF5d4,ASN Belajar Seri 19 | 2026 - Spirit Muharram 1448 H: ASN Hijrah Menuju Birokrasi Amanah,Positive
2070,@abhuksadewo3162,M SUMSK ABHUK S . SD NEGERI 2 BABADAN NGAJUM JATIM,11ADdPwF5d4,ASN Belajar Seri 19 | 2026 - Spirit Muharram 1448 H: ASN Hijrah Menuju Birokrasi Amanah,Neutral
2150,@JumadiHariyanto-m3f,akun baru,11ADdPwF5d4,ASN Belajar Seri 19 | 2026 - Spirit Muharram 1448 H: ASN Hijrah Menuju Birokrasi Amanah,Neutral
2209,@trisminazahirah1622,hadirt,11ADdPwF5d4,ASN Belajar Seri 19 | 2026 - Spirit Muharram 1448 H: ASN Hijrah Menuju Birokrasi Amanah,Neutral
2292,@HendraBasuki-s7c,Hendra kelurahan rangkah,11ADdPwF5d4,ASN Belajar Seri 19 | 2026 - Spirit Muharram 1448 H: ASN Hijrah Menuju Birokrasi Amanah,Neutral
2311,@AliMukti-x8f,Ali Mukti SMPN 11 jember,11ADdPwF5d4,ASN Belajar Seri 19 | 2026 - Spirit Muharram 1448 H: ASN Hijrah Menuju Birokrasi Amanah,Neutral
2336,@tigabelas4503,diwek watugaluh,11ADdPwF5d4,ASN Belajar Seri 19 | 2026 - Spirit Muharram 1448 H: ASN Hijrah Menuju Birokrasi Amanah,Neutral
2364,@puputlestari3643,hdair dan memyimak,11ADdPwF5d4,ASN Belajar Seri 19 | 2026 - Spirit Muharram 1448 H: ASN Hijrah Menuju Birokrasi Amanah,Neutral
2484,@samsulbahrias8195,@samsul bahri_disnaker cilegon,11ADdPwF5d4,ASN Belajar Seri 19 | 2026 - Spirit Muharram 1448 H: ASN Hijrah Menuju Birokrasi Amanah,Neutral
2510,@AbdFatah-cr3ic,Abdul Fatah,11ADdPwF5d4,ASN Belajar Seri 19 | 2026 - Spirit Muharram 1448 H: ASN Hijrah Menuju Birokrasi Amanah,Neutral
2535,@ivancahyono8533, Allahummasholli ala Sayyidina Wahabibina wamaulana Muhammad,11ADdPwF5d4,ASN Belajar Seri 19 | 2026 - Spirit Muharram 1448 H: ASN Hijrah Menuju Birokrasi Amanah,Positive
2620,@yudikawahyu8482,badir,11ADdPwF5d4,ASN Belajar Seri 19 | 2026 - Spirit Muharram 1448 H: ASN Hijrah Menuju Birokrasi Amanah,Neutral
2709,@DidikKusbiantoro-b6z3v,Didik kusbiantoro Hdir,11ADdPwF5d4,ASN Belajar Seri 19 | 2026 - Spirit Muharram 1448 H: ASN Hijrah Menuju Birokrasi Amanah,Neutral
2741,@RomlahAyu-yx8ds,renny mella dinas kesehatan kabupaten malang ,11ADdPwF5d4,ASN Belajar Seri 19 | 2026 - Spirit Muharram 1448 H: ASN Hijrah Menuju Birokrasi Amanah,Neutral
2775,@yusbuset6468,Materi yang menarik,11ADdPwF5d4,ASN Belajar Seri 19 | 2026 - Spirit Muharram 1448 H: ASN Hijrah Menuju Birokrasi Amanah,Positive
2811,@detra7127,"Trmks pencerahannya narsum, luar biasa",11ADdPwF5d4,ASN Belajar Seri 19 | 2026 - Spirit Muharram 1448 H: ASN Hijrah Menuju Birokrasi Amanah,Positive
2871,@rudiyanto1610,"Bismilaahirrahmanirrahim. nderek ngaos Pak Yai....Dunia bukan tempat kita tapi dunia untuk kita tinggalkan (Dr. Akh. Jazuli S.H.,M.Si)...",11ADdPwF5d4,ASN Belajar Seri 19 | 2026 - Spirit Muharram 1448 H: ASN Hijrah Menuju Birokrasi Amanah,Positive
3064,@RizalKurniawan-b3q,semangat belajar tuk menambah ilmu,11ADdPwF5d4,ASN Belajar Seri 19 | 2026 - Spirit Muharram 1448 H: ASN Hijrah Menuju Birokrasi Amanah,Positive
3145,@ivancahyono8533, ijin bertanya Bapak Kiai... apa yang harus kita lakukan untuk bisa meneladani Sifat Rosulullah ,11ADdPwF5d4,ASN Belajar Seri 19 | 2026 - Spirit Muharram 1448 H: ASN Hijrah Menuju Birokrasi Amanah,Neutral
3193,@abdurrahmansukorejo1105,hadit,11ADdPwF5d4,ASN Belajar Seri 19 | 2026 - Spirit Muharram 1448 H: ASN Hijrah Menuju Birokrasi Amanah,Neutral
3320,@RizalKurniawan-b3q,jangan lupa ngopi,11ADdPwF5d4,ASN Belajar Seri 19 | 2026 - Spirit Muharram 1448 H: ASN Hijrah Menuju Birokrasi Amanah,Neutral
3593,@diyanveriyani9951,keep watch,11ADdPwF5d4,ASN Belajar Seri 19 | 2026 - Spirit Muharram 1448 H: ASN Hijrah Menuju Birokrasi Amanah,Neutral
3757,@athar7990,Dhynda Anggyawaty Kecamatan Pondok Melati Kota Bekasi hadir,11ADdPwF5d4,ASN Belajar Seri 19 | 2026 - Spirit Muharram 1448 H: ASN Hijrah Menuju Birokrasi Amanah,Neutral
3823,@siskaaripawidiana7712,Satpol PP Kab Madiun Hardir,11ADdPwF5d4,ASN Belajar Seri 19 | 2026 - Spirit Muharram 1448 H: ASN Hijrah Menuju Birokrasi Amanah,Neutral
3859,@ahmadtamim9765,A.tamim Hadi dari DPRKPLH kab Jember Jatim hadi,11ADdPwF5d4,ASN Belajar Seri 19 | 2026 - Spirit Muharram 1448 H: ASN Hijrah Menuju Birokrasi Amanah,Neutral
4160,@srieastoetiksrieastoetik,Sri Astutik DISBUDPAR,11ADdPwF5d4,ASN Belajar Seri 19 | 2026 - Spirit Muharram 1448 H: ASN Hijrah Menuju Birokrasi Amanah,Neutral
4335,@PRAYITNOPRAYITNO-iz2ru,Prayitno mengikuti,11ADdPwF5d4,ASN Belajar Seri 19 | 2026 - Spirit Muharram 1448 H: ASN Hijrah Menuju Birokrasi Amanah,Neutral
4375,@MeyerSibarani,standbye,11ADdPwF5d4,ASN Belajar Seri 19 | 2026 - Spirit Muharram 1448 H: ASN Hijrah Menuju Birokrasi Amanah,Neutral
4394,@eniwidya4909,hadiit,11ADdPwF5d4,ASN Belajar Seri 19 | 2026 - Spirit Muharram 1448 H: ASN Hijrah Menuju Birokrasi Amanah,Neutral
4533,@edyristanto6806,Siap,11ADdPwF5d4,ASN Belajar Seri 19 | 2026 - Spirit Muharram 1448 H: ASN Hijrah Menuju Birokrasi Amanah,Positive
4550,@gendoworjbr-w7g,SURYADI DPRKPLH JEMBER,11ADdPwF5d4,ASN Belajar Seri 19 | 2026 - Spirit Muharram 1448 H: ASN Hijrah Menuju Birokrasi Amanah,Neutral
4568,@sepandiaef2967,bengkulu menyapa,11ADdPwF5d4,ASN Belajar Seri 19 | 2026 - Spirit Muharram 1448 H: ASN Hijrah Menuju Birokrasi Amanah,Neutral
4753,@ndyroman7896,Roma gundih,11ADdPwF5d4,ASN Belajar Seri 19 | 2026 - Spirit Muharram 1448 H: ASN Hijrah Menuju Birokrasi Amanah,Neutral
4826,@nurulhidayati4404,"NURUL HIDAYATI, S.Psi. PENGAWAS CABDIN BANGKALAN",11ADdPwF5d4,ASN Belajar Seri 19 | 2026 - Spirit Muharram 1448 H: ASN Hijrah Menuju Birokrasi Amanah,Neutral
5021,@emyoggisajaach9418,"IZIN BERTANYA : mengapa didalam umat islam mempunyai daya sprit muharram sebagai landasan etika, moral, akhlak dan sebagainya menuju birokrasi amanah berbagai ilmu seperti al quran, fiqih, dan tasawuf",11ADdPwF5d4,ASN Belajar Seri 19 | 2026 - Spirit Muharram 1448 H: ASN Hijrah Menuju Birokrasi Amanah,Neutral
5135,@lisdiana4280,lisdiana dlh gresik,11ADdPwF5d4,ASN Belajar Seri 19 | 2026 - Spirit Muharram 1448 H: ASN Hijrah Menuju Birokrasi Amanah,Neutral
5181,@harryuspessy9081,"semngat terus dan amanah,",11ADdPwF5d4,ASN Belajar Seri 19 | 2026 - Spirit Muharram 1448 H: ASN Hijrah Menuju Birokrasi Amanah,Positive
5389,@gustinyomanalit6403,"Gusti Nyoman Alit Suparta, DLH Kab. Buleleng, Hadis",11ADdPwF5d4,ASN Belajar Seri 19 | 2026 - Spirit Muharram 1448 H: ASN Hijrah Menuju Birokrasi Amanah,Neutral
5418,@KaRaisya-n8l,p,11ADdPwF5d4,ASN Belajar Seri 19 | 2026 - Spirit Muharram 1448 H: ASN Hijrah Menuju Birokrasi Amanah,Neutral
5486,@diyanveriyani9951,masih disini,11ADdPwF5d4,ASN Belajar Seri 19 | 2026 - Spirit Muharram 1448 H: ASN Hijrah Menuju Birokrasi Amanah,Neutral
5624,@ajengmoe4957,masyaAllah... sehat slalu Kyai...,11ADdPwF5d4,ASN Belajar Seri 19 | 2026 - Spirit Muharram 1448 H: ASN Hijrah Menuju Birokrasi Amanah,Positive
5789,@MatKhoiri-x5m,"TEMA INI SANGAT MENARIK ASN HIJRAH MENUJU BIROKRASI AMANAH, KENAPA KENYATAANNYA BERITA KORUPSI TERJADI DIMANA MANA , PENERAPAN AMANAH ADA DIMANA?? KENAPA KETGASAN HUKUM TIDAK ADA??",11ADdPwF5d4,ASN Belajar Seri 19 | 2026 - Spirit Muharram 1448 H: ASN Hijrah Menuju Birokrasi Amanah,Negative
6142,@rosionhutauruk,ROSION JULIETTA HUTAURUK_ SEKRETARIS BKPSDM KOTA PEMATANGSIANTRA_HADIR,11ADdPwF5d4,ASN Belajar Seri 19 | 2026 - Spirit Muharram 1448 H: ASN Hijrah Menuju Birokrasi Amanah,Neutral
6264,@risdasiahaan5840,Risda Siahaan kepala tk pembina negeri 7 Pematangsiantar hadir,11ADdPwF5d4,ASN Belajar Seri 19 | 2026 - Spirit Muharram 1448 H: ASN Hijrah Menuju Birokrasi Amanah,Neutral
6300,@kamtovictory809,mencuri uang negara dosanya besar ga pak??,11ADdPwF5d4,ASN Belajar Seri 19 | 2026 - Spirit Muharram 1448 H: ASN Hijrah Menuju Birokrasi Amanah,Neutral
6363,@hamzahzanit4986,hamzah. pengawas candindik wilayah bangkalan,11ADdPwF5d4,ASN Belajar Seri 19 | 2026 - Spirit Muharram 1448 H: ASN Hijrah Menuju Birokrasi Amanah,Neutral
6492,@aniknursiamah4733,Mohon ijin bertanya : Bagaimana hukumnya : usaha pengobatan aternatif versi Agama Islam dg mensyaratkan sembako dan harga layanan kepada pasiennya...,11ADdPwF5d4,ASN Belajar Seri 19 | 2026 - Spirit Muharram 1448 H: ASN Hijrah Menuju Birokrasi Amanah,Neutral
6580,@rudiyanto1610,"Ya Allah, kelak hisablah kami dengan hisap yang mudah/ringan....Aamiin3x ",11ADdPwF5d4,ASN Belajar Seri 19 | 2026 - Spirit Muharram 1448 H: ASN Hijrah Menuju Birokrasi Amanah,Positive
6713,@bambangtriyono4728,materinya relate dg kondisi,11ADdPwF5d4,ASN Belajar Seri 19 | 2026 - Spirit Muharram 1448 H: ASN Hijrah Menuju Birokrasi Amanah,Positive
6764,@agustiamri4468,sulit kalau godaan nya uang untuk amanah pak buk hehehe,11ADdPwF5d4,ASN Belajar Seri 19 | 2026 - Spirit Muharram 1448 H: ASN Hijrah Menuju Birokrasi Amanah,Negative
6896,@lukiprasetyo3471,LUKI PRASETYO,11ADdPwF5d4,ASN Belajar Seri 19 | 2026 - Spirit Muharram 1448 H: ASN Hijrah Menuju Birokrasi Amanah,Neutral
7040,@Hepiani84-jg6hv,qo ga ada suaranya ya,11ADdPwF5d4,ASN Belajar Seri 19 | 2026 - Spirit Muharram 1448 H: ASN Hijrah Menuju Birokrasi Amanah,Negative
7388,@tigabelas4503,diwek,11ADdPwF5d4,ASN Belajar Seri 19 | 2026 - Spirit Muharram 1448 H: ASN Hijrah Menuju Birokrasi Amanah,Neutral
7535,@rinaendrakabkediri6536,lama edanya,11ADdPwF5d4,ASN Belajar Seri 19 | 2026 - Spirit Muharram 1448 H: ASN Hijrah Menuju Birokrasi Amanah,Negative
7570,@AliSutopo-pv5vo,Ali sutopo,11ADdPwF5d4,ASN Belajar Seri 19 | 2026 - Spirit Muharram 1448 H: ASN Hijrah Menuju Birokrasi Amanah,Neutral
7688,@Sugikmansur,sugianto,11ADdPwF5d4,ASN Belajar Seri 19 | 2026 - Spirit Muharram 1448 H: ASN Hijrah Menuju Birokrasi Amanah,Neutral
7881,@chamarisca9923,pak monev dan evaluasinya dibuka jam 12 ya?,11ADdPwF5d4,ASN Belajar Seri 19 | 2026 - Spirit Muharram 1448 H: ASN Hijrah Menuju Birokrasi Amanah,Neutral
7905,@nopembinopembi5421,Hadi,11ADdPwF5d4,ASN Belajar Seri 19 | 2026 - Spirit Muharram 1448 H: ASN Hijrah Menuju Birokrasi Amanah,Neutral
8113,@susydwi2698,Susy_kec.jetis_mojokerto,11ADdPwF5d4,ASN Belajar Seri 19 | 2026 - Spirit Muharram 1448 H: ASN Hijrah Menuju Birokrasi Amanah,Neutral
8178,@hartatizonet2402,Adem mendengar Webinar kali ini,11ADdPwF5d4,ASN Belajar Seri 19 | 2026 - Spirit Muharram 1448 H: ASN Hijrah Menuju Birokrasi Amanah,Positive
8208,@diyanveriyani9951,masih disni,11ADdPwF5d4,ASN Belajar Seri 19 | 2026 - Spirit Muharram 1448 H: ASN Hijrah Menuju Birokrasi Amanah,Neutral
8384,@aryonoyono9472,hsdir,11ADdPwF5d4,ASN Belajar Seri 19 | 2026 - Spirit Muharram 1448 H: ASN Hijrah Menuju Birokrasi Amanah,Neutral
8468,@TimbulJaya-h6c,"Timbul Wahyudi ,Dishub Kab.Grobogan",11ADdPwF5d4,ASN Belajar Seri 19 | 2026 - Spirit Muharram 1448 H: ASN Hijrah Menuju Birokrasi Amanah,Neutral
8521,@fitrisupatmi8700,fitrihadir,11ADdPwF5d4,ASN Belajar Seri 19 | 2026 - Spirit Muharram 1448 H: ASN Hijrah Menuju Birokrasi Amanah,Neutral
8570,@agusnongkojajar9370,upt pb hortikultura,11ADdPwF5d4,ASN Belajar Seri 19 | 2026 - Spirit Muharram 1448 H: ASN Hijrah Menuju Birokrasi Amanah,Neutral
8696,@tigabelas4503,mengikuti webinar,11ADdPwF5d4,ASN Belajar Seri 19 | 2026 - Spirit Muharram 1448 H: ASN Hijrah Menuju Birokrasi Amanah,Neutral
8986,@tigabelas4503,ok baik,11ADdPwF5d4,ASN Belajar Seri 19 | 2026 - Spirit Muharram 1448 H: ASN Hijrah Menuju Birokrasi Amanah,Neutral
9051,@UmarParki,UMAR PARKI KELURAHAN JEMBER KIDUL..............HADIR,11ADdPwF5d4,ASN Belajar Seri 19 | 2026 - Spirit Muharram 1448 H: ASN Hijrah Menuju Birokrasi Amanah,Neutral
9149,@tigabelas4503,mantap,11ADdPwF5d4,ASN Belajar Seri 19 | 2026 - Spirit Muharram 1448 H: ASN Hijrah Menuju Birokrasi Amanah,Positive
9411,@WagiminSaja-h4l,edi haryanto BPBD kulon progo,11ADdPwF5d4,ASN Belajar Seri 19 | 2026 - Spirit Muharram 1448 H: ASN Hijrah Menuju Birokrasi Amanah,Neutral
9474,@herilukmanhakim7801,Heri Lukman Hakim,11ADdPwF5d4,ASN Belajar Seri 19 | 2026 - Spirit Muharram 1448 H: ASN Hijrah Menuju Birokrasi Amanah,Neutral
9617,@JarotCahyono-gr6wf,daftar melalui link. kok sulit ya sekarang,11ADdPwF5d4,ASN Belajar Seri 19 | 2026 - Spirit Muharram 1448 H: ASN Hijrah Menuju Birokrasi Amanah,Negative
9634,@BettyRuswandani-r9p5d,masih mentimak,11ADdPwF5d4,ASN Belajar Seri 19 | 2026 - Spirit Muharram 1448 H: ASN Hijrah Menuju Birokrasi Amanah,Neutral
9662,@alvanswahyoedi,C C B C D,11ADdPwF5d4,ASN Belajar Seri 19 | 2026 - Spirit Muharram 1448 H: ASN Hijrah Menuju Birokrasi Amanah,Neutral
9772,@ridwanzaharikf6748,Ridwan Zahari,11ADdPwF5d4,ASN Belajar Seri 19 | 2026 - Spirit Muharram 1448 H: ASN Hijrah Menuju Birokrasi Amanah,Neutral
9903,@MOH.ERFANJUNAEDI,hader,11ADdPwF5d4,ASN Belajar Seri 19 | 2026 - Spirit Muharram 1448 H: ASN Hijrah Menuju Birokrasi Amanah,Neutral
9935,@MOH.ERFANJUNAEDI,haderr,11ADdPwF5d4,ASN Belajar Seri 19 | 2026 - Spirit Muharram 1448 H: ASN Hijrah Menuju Birokrasi Amanah,Neutral
9942,@MOH.ERFANJUNAEDI,haderrrrrrr,11ADdPwF5d4,ASN Belajar Seri 19 | 2026 - Spirit Muharram 1448 H: ASN Hijrah Menuju Birokrasi Amanah,Neutral
10221,@rizalharyanto5061,Rizal Haryanto_UPT PJJ BJN,11ADdPwF5d4,ASN Belajar Seri 19 | 2026 - Spirit Muharram 1448 H: ASN Hijrah Menuju Birokrasi Amanah,Neutral
10397,@rikoprasetyo328,semangat,11ADdPwF5d4,ASN Belajar Seri 19 | 2026 - Spirit Muharram 1448 H: ASN Hijrah Menuju Birokrasi Amanah,Positive
10760,@hendrihendri6701,"Bagaimana peran ASN dalam membangun budaya kerja yang jujur, disiplin, dan bertanggung jawab?",11ADdPwF5d4,ASN Belajar Seri 19 | 2026 - Spirit Muharram 1448 H: ASN Hijrah Menuju Birokrasi Amanah,Neutral
10950,@raehanatuljannah1468,"Pak, Maaf Iya bc Quran itu Penting, Bc Buku Agama Juga Penting, SMaaf Nm. Sy R",11ADdPwF5d4,ASN Belajar Seri 19 | 2026 - Spirit Muharram 1448 H: ASN Hijrah Menuju Birokrasi Amanah,Neutral
11194,@kamariahajiali6733,terima kasih,11ADdPwF5d4,ASN Belajar Seri 19 | 2026 - Spirit Muharram 1448 H: ASN Hijrah Menuju Birokrasi Amanah,Positive
11200,@fathiralfarizi8403,samoga bermafaat,11ADdPwF5d4,ASN Belajar Seri 19 | 2026 - Spirit Muharram 1448 H: ASN Hijrah Menuju Birokrasi Amanah,Positive
11216,@BidangDiklatBKPPKabupatenBanyu,link presensinya pundi nggeh,11ADdPwF5d4,ASN Belajar Seri 19 | 2026 - Spirit Muharram 1448 H: ASN Hijrah Menuju Birokrasi Amanah,Neutral
11304,@kecpohjentrek,"materi menarik, jadi asn yang amanah",11ADdPwF5d4,ASN Belajar Seri 19 | 2026 - Spirit Muharram 1448 H: ASN Hijrah Menuju Birokrasi Amanah,Positive
11395,@Nurhamidid,ASN HIJRAH,11ADdPwF5d4,ASN Belajar Seri 19 | 2026 - Spirit Muharram 1448 H: ASN Hijrah Menuju Birokrasi Amanah,Neutral
11437,@kecpohjentrek,monev dan evaluasi blm dibuka ya kak,11ADdPwF5d4,ASN Belajar Seri 19 | 2026 - Spirit Muharram 1448 H: ASN Hijrah Menuju Birokrasi Amanah,Neutral
0,@rumiasihsumakul5204,rumiasih SDN Sumakul 4,CpxBp4YhkRw,"ASN Belajar Seri 18 | 2026 - Pancasila The Living Values: ASN Menjaga Harmoni, Menguatkan Negeri",Neutral
0,@andrionoindrakurniawan9028,belum di mulai ya???,CpxBp4YhkRw,"ASN Belajar Seri 18 | 2026 - Pancasila The Living Values: ASN Menjaga Harmoni, Menguatkan Negeri",Neutral
0,@noerhayati2769,zoom sudah penuh,CpxBp4YhkRw,"ASN Belajar Seri 18 | 2026 - Pancasila The Living Values: ASN Menjaga Harmoni, Menguatkan Negeri",Negative
0,@Abdil.ganteng,hado4,CpxBp4YhkRw,"ASN Belajar Seri 18 | 2026 - Pancasila The Living Values: ASN Menjaga Harmoni, Menguatkan Negeri",Neutral
49,@bdisupriyanto9907,siap mengikuti,CpxBp4YhkRw,"ASN Belajar Seri 18 | 2026 - Pancasila The Living Values: ASN Menjaga Harmoni, Menguatkan Negeri",Positive
50,@1984090877,Mengikuti,CpxBp4YhkRw,"ASN Belajar Seri 18 | 2026 - Pancasila The Living Values: ASN Menjaga Harmoni, Menguatkan Negeri",Neutral
166,@sonhajiachmad4839,Pondokdadap Malang... siap,CpxBp4YhkRw,"ASN Belajar Seri 18 | 2026 - Pancasila The Living Values: ASN Menjaga Harmoni, Menguatkan Negeri",Neutral
175,@fajarfauzinurrachman9512,menyimakkkk,CpxBp4YhkRw,"ASN Belajar Seri 18 | 2026 - Pancasila The Living Values: ASN Menjaga Harmoni, Menguatkan Negeri",Neutral
253,@mochalimand1809,lanjut,CpxBp4YhkRw,"ASN Belajar Seri 18 | 2026 - Pancasila The Living Values: ASN Menjaga Harmoni, Menguatkan Negeri",Neutral
270,@gunawan-z9f,setda kota cirebon,CpxBp4YhkRw,"ASN Belajar Seri 18 | 2026 - Pancasila The Living Values: ASN Menjaga Harmoni, Menguatkan Negeri",Neutral
435,@herryhariyono7865,Ada.,CpxBp4YhkRw,"ASN Belajar Seri 18 | 2026 - Pancasila The Living Values: ASN Menjaga Harmoni, Menguatkan Negeri",Neutral
458,@abdurrohmanjazuli1389,link absensinya mana?,CpxBp4YhkRw,"ASN Belajar Seri 18 | 2026 - Pancasila The Living Values: ASN Menjaga Harmoni, Menguatkan Negeri",Neutral
597,@KamariaHajiAli,kamaria haji ali,CpxBp4YhkRw,"ASN Belajar Seri 18 | 2026 - Pancasila The Living Values: ASN Menjaga Harmoni, Menguatkan Negeri",Neutral
662,@rosintansiahaan9980,haadir,CpxBp4YhkRw,"ASN Belajar Seri 18 | 2026 - Pancasila The Living Values: ASN Menjaga Harmoni, Menguatkan Negeri",Neutral
718,@kristanto.prakoso,"Selamat Pagi,..",CpxBp4YhkRw,"ASN Belajar Seri 18 | 2026 - Pancasila The Living Values: ASN Menjaga Harmoni, Menguatkan Negeri",Neutral
731,@sriandayani2359,selamat pagii,CpxBp4YhkRw,"ASN Belajar Seri 18 | 2026 - Pancasila The Living Values: ASN Menjaga Harmoni, Menguatkan Negeri",Neutral
761,@protokolable,DWIPRASETYOBondowosohadir,CpxBp4YhkRw,"ASN Belajar Seri 18 | 2026 - Pancasila The Living Values: ASN Menjaga Harmoni, Menguatkan Negeri",Neutral
849,@riogundala6132,izin dari jawa tengah untuk hadir dan menambah wawasan,CpxBp4YhkRw,"ASN Belajar Seri 18 | 2026 - Pancasila The Living Values: ASN Menjaga Harmoni, Menguatkan Negeri",Neutral
857,@AlfiBkl-q1i,Siti Alfi sufiantini SE inspektorat kabupaten Bangkalan,CpxBp4YhkRw,"ASN Belajar Seri 18 | 2026 - Pancasila The Living Values: ASN Menjaga Harmoni, Menguatkan Negeri",Neutral
1005,@novitawidiantari8459,Selamat pagi Pak Dosen..Pak Ramly...sehat selalu,CpxBp4YhkRw,"ASN Belajar Seri 18 | 2026 - Pancasila The Living Values: ASN Menjaga Harmoni, Menguatkan Negeri",Positive
1126,@yudystira_9559,Yudystira aji sokha DARI DISBUDPAR BOJONEGORO HADIR,CpxBp4YhkRw,"ASN Belajar Seri 18 | 2026 - Pancasila The Living Values: ASN Menjaga Harmoni, Menguatkan Negeri",Neutral
1156,@rb.hidayaturrahman7694,"RB. HIDAYATUR RAHMAN, S.Sos, M.A.P Insansi PemKab. Sumenep...ahdir",CpxBp4YhkRw,"ASN Belajar Seri 18 | 2026 - Pancasila The Living Values: ASN Menjaga Harmoni, Menguatkan Negeri",Neutral
1161,@chamied1744,"Luqman Chamied, hadir, mengikuti lewat live youtube BPSDM Jatim",CpxBp4YhkRw,"ASN Belajar Seri 18 | 2026 - Pancasila The Living Values: ASN Menjaga Harmoni, Menguatkan Negeri",Neutral
1206,@afifmaysyaroh2379,absennya belom dibuka ya ini,CpxBp4YhkRw,"ASN Belajar Seri 18 | 2026 - Pancasila The Living Values: ASN Menjaga Harmoni, Menguatkan Negeri",Negative
1212,@ismailzaen5440,hadi,CpxBp4YhkRw,"ASN Belajar Seri 18 | 2026 - Pancasila The Living Values: ASN Menjaga Harmoni, Menguatkan Negeri",Neutral
1226,@ismailzaen5440,iya belom d buka kyaknya,CpxBp4YhkRw,"ASN Belajar Seri 18 | 2026 - Pancasila The Living Values: ASN Menjaga Harmoni, Menguatkan Negeri",Negative
1238,@Nighboot-99,inpo gaji 13,CpxBp4YhkRw,"ASN Belajar Seri 18 | 2026 - Pancasila The Living Values: ASN Menjaga Harmoni, Menguatkan Negeri",Neutral
1292,@RizalKurniawan-b3q,belajar biar lebih mengerti lagi,CpxBp4YhkRw,"ASN Belajar Seri 18 | 2026 - Pancasila The Living Values: ASN Menjaga Harmoni, Menguatkan Negeri",Positive
1336,@afandiyudha5534,diskopumdag kota surabaya,CpxBp4YhkRw,"ASN Belajar Seri 18 | 2026 - Pancasila The Living Values: ASN Menjaga Harmoni, Menguatkan Negeri",Neutral
1364,@saripurnama8130,tetap semangat Kawan ,CpxBp4YhkRw,"ASN Belajar Seri 18 | 2026 - Pancasila The Living Values: ASN Menjaga Harmoni, Menguatkan Negeri",Positive
1394,@suparniparni7875,suparni,CpxBp4YhkRw,"ASN Belajar Seri 18 | 2026 - Pancasila The Living Values: ASN Menjaga Harmoni, Menguatkan Negeri",Neutral
1401,@pujiandriani8931,puji andriani SMK N Wonosalam Jombang,CpxBp4YhkRw,"ASN Belajar Seri 18 | 2026 - Pancasila The Living Values: ASN Menjaga Harmoni, Menguatkan Negeri",Neutral
1431,@RizalKurniawan-b3q,belajar terus biar jadi PNS,CpxBp4YhkRw,"ASN Belajar Seri 18 | 2026 - Pancasila The Living Values: ASN Menjaga Harmoni, Menguatkan Negeri",Positive
1461,@emyoggisajaach9418,izin untuk presensinya gak bisa diklik,CpxBp4YhkRw,"ASN Belajar Seri 18 | 2026 - Pancasila The Living Values: ASN Menjaga Harmoni, Menguatkan Negeri",Negative
1479,@Onejiwaf,absensinya kenapa belum dibuka?,CpxBp4YhkRw,"ASN Belajar Seri 18 | 2026 - Pancasila The Living Values: ASN Menjaga Harmoni, Menguatkan Negeri",Negative
1481,@Nurhamidid,hadddiiirrrrr,CpxBp4YhkRw,"ASN Belajar Seri 18 | 2026 - Pancasila The Living Values: ASN Menjaga Harmoni, Menguatkan Negeri",Neutral
1500,@kelurahanpellabuhan,smd hdr,CpxBp4YhkRw,"ASN Belajar Seri 18 | 2026 - Pancasila The Living Values: ASN Menjaga Harmoni, Menguatkan Negeri",Neutral
1539,@ekosuhardiyono8040,mengikuti,CpxBp4YhkRw,"ASN Belajar Seri 18 | 2026 - Pancasila The Living Values: ASN Menjaga Harmoni, Menguatkan Negeri",Neutral
1558,@bingkaijiwa3075,BasoMisbahuddin Dinas PerdainkopUKM Kab Kolaka Timur,CpxBp4YhkRw,"ASN Belajar Seri 18 | 2026 - Pancasila The Living Values: ASN Menjaga Harmoni, Menguatkan Negeri",Neutral
1672,@TengkumuhammadAmmarraziq,ya hdirrr,CpxBp4YhkRw,"ASN Belajar Seri 18 | 2026 - Pancasila The Living Values: ASN Menjaga Harmoni, Menguatkan Negeri",Neutral
1695,@rosionhutauruk,Rosion Julietta Hutauruk_Sekretais BPSDM Kota Pematangsiantar_Hadir,CpxBp4YhkRw,"ASN Belajar Seri 18 | 2026 - Pancasila The Living Values: ASN Menjaga Harmoni, Menguatkan Negeri",Neutral
1751,@djokonisandjaja2548,DJOKO NISANDJAJA.....,CpxBp4YhkRw,"ASN Belajar Seri 18 | 2026 - Pancasila The Living Values: ASN Menjaga Harmoni, Menguatkan Negeri",Neutral
1781,@lukiprasetyo3471,Luki Prasetyo DPUPKP BIDANG SDA,CpxBp4YhkRw,"ASN Belajar Seri 18 | 2026 - Pancasila The Living Values: ASN Menjaga Harmoni, Menguatkan Negeri",Neutral
1850,@MrBoedhoet,Present ,CpxBp4YhkRw,"ASN Belajar Seri 18 | 2026 - Pancasila The Living Values: ASN Menjaga Harmoni, Menguatkan Negeri",Neutral
1855,@RizalKurniawan-b3q,semangat belajar,CpxBp4YhkRw,"ASN Belajar Seri 18 | 2026 - Pancasila The Living Values: ASN Menjaga Harmoni, Menguatkan Negeri",Positive
1856,@erdhanachannel1495,abseni kok belum di buka ,CpxBp4YhkRw,"ASN Belajar Seri 18 | 2026 - Pancasila The Living Values: ASN Menjaga Harmoni, Menguatkan Negeri",Negative
1871,@lenichuo1611,tasih dangu kadose,CpxBp4YhkRw,"ASN Belajar Seri 18 | 2026 - Pancasila The Living Values: ASN Menjaga Harmoni, Menguatkan Negeri",Neutral
1900,@BahtiarAhmad-gp9uv,cakeeppp,CpxBp4YhkRw,"ASN Belajar Seri 18 | 2026 - Pancasila The Living Values: ASN Menjaga Harmoni, Menguatkan Negeri",Positive
1906,@khoirulmubin5283,Khoirul Mubin disbudpar prov Jatim,CpxBp4YhkRw,"ASN Belajar Seri 18 | 2026 - Pancasila The Living Values: ASN Menjaga Harmoni, Menguatkan Negeri",Neutral
1947,@ismailzaen5440,iya belom di buka eror kyaknya,CpxBp4YhkRw,"ASN Belajar Seri 18 | 2026 - Pancasila The Living Values: ASN Menjaga Harmoni, Menguatkan Negeri",Negative
1955,@sulistiyowarnowarno6592,UIN Sunan Kudus hadit,CpxBp4YhkRw,"ASN Belajar Seri 18 | 2026 - Pancasila The Living Values: ASN Menjaga Harmoni, Menguatkan Negeri",Neutral
2050,@SilvanaTamara-q9n,Silfana Tamara/PPPK/Kecamatan Sario Manado,CpxBp4YhkRw,"ASN Belajar Seri 18 | 2026 - Pancasila The Living Values: ASN Menjaga Harmoni, Menguatkan Negeri",Neutral
2090,@edisuwarno1271,kita bisa bubar,CpxBp4YhkRw,"ASN Belajar Seri 18 | 2026 - Pancasila The Living Values: ASN Menjaga Harmoni, Menguatkan Negeri",Neutral
2108,@DimasDwiSenggonoSvlogtime,pernah,CpxBp4YhkRw,"ASN Belajar Seri 18 | 2026 - Pancasila The Living Values: ASN Menjaga Harmoni, Menguatkan Negeri",Neutral
2128,@yuyunekhasari6665,Haidir,CpxBp4YhkRw,"ASN Belajar Seri 18 | 2026 - Pancasila The Living Values: ASN Menjaga Harmoni, Menguatkan Negeri",Neutral
2304,@yenisari3808,Yeni Milasari Bakesbangpol Kota Probolinggo,CpxBp4YhkRw,"ASN Belajar Seri 18 | 2026 - Pancasila The Living Values: ASN Menjaga Harmoni, Menguatkan Negeri",Neutral
2364,@kristanto.prakoso,Absennya tidak bisa..,CpxBp4YhkRw,"ASN Belajar Seri 18 | 2026 - Pancasila The Living Values: ASN Menjaga Harmoni, Menguatkan Negeri",Negative
2404,@Onejiwaf,kenapa sampai sekarang absennya belum bisa?,CpxBp4YhkRw,"ASN Belajar Seri 18 | 2026 - Pancasila The Living Values: ASN Menjaga Harmoni, Menguatkan Negeri",Negative
2467,@LailatulHidayati-k1n,Laila SMKN Gudo jombang,CpxBp4YhkRw,"ASN Belajar Seri 18 | 2026 - Pancasila The Living Values: ASN Menjaga Harmoni, Menguatkan Negeri",Neutral
2468,@wonnymartiastutik7256,Menyipak,CpxBp4YhkRw,"ASN Belajar Seri 18 | 2026 - Pancasila The Living Values: ASN Menjaga Harmoni, Menguatkan Negeri",Neutral
2494,@sinna1975,Dpmptsp Batang jawa tengah ....selalu hadir........,CpxBp4YhkRw,"ASN Belajar Seri 18 | 2026 - Pancasila The Living Values: ASN Menjaga Harmoni, Menguatkan Negeri",Neutral
2512,@anneohp,kenapa link youtube sudah tidak ditampilkan lagi di website pendaftaran ?,CpxBp4YhkRw,"ASN Belajar Seri 18 | 2026 - Pancasila The Living Values: ASN Menjaga Harmoni, Menguatkan Negeri",Negative
2527,@Rudidwi-l1z,"tolong admin, absennya dibuka dong",CpxBp4YhkRw,"ASN Belajar Seri 18 | 2026 - Pancasila The Living Values: ASN Menjaga Harmoni, Menguatkan Negeri",Negative
2535,@ibnuibra79,BBPJN Kal-Tim,CpxBp4YhkRw,"ASN Belajar Seri 18 | 2026 - Pancasila The Living Values: ASN Menjaga Harmoni, Menguatkan Negeri",Neutral
2537,@diyanveriyani9951, watch,CpxBp4YhkRw,"ASN Belajar Seri 18 | 2026 - Pancasila The Living Values: ASN Menjaga Harmoni, Menguatkan Negeri",Neutral
2554,@arekarekdewe2138,Perkenalkan saya Hariani dari Dinas Lingkungan Hidup. Apa bisa mengajukan pertanyaan,CpxBp4YhkRw,"ASN Belajar Seri 18 | 2026 - Pancasila The Living Values: ASN Menjaga Harmoni, Menguatkan Negeri",Neutral
2593,@vinysavitri241,viny,CpxBp4YhkRw,"ASN Belajar Seri 18 | 2026 - Pancasila The Living Values: ASN Menjaga Harmoni, Menguatkan Negeri",Neutral
2645,@shoviadzulaikha5877,semesta n,CpxBp4YhkRw,"ASN Belajar Seri 18 | 2026 - Pancasila The Living Values: ASN Menjaga Harmoni, Menguatkan Negeri",Neutral
2662,@shoviadzulaikha5877,semesta bang,CpxBp4YhkRw,"ASN Belajar Seri 18 | 2026 - Pancasila The Living Values: ASN Menjaga Harmoni, Menguatkan Negeri",Neutral
2687,@cahyadiansyah7758,min terima kasih ,CpxBp4YhkRw,"ASN Belajar Seri 18 | 2026 - Pancasila The Living Values: ASN Menjaga Harmoni, Menguatkan Negeri",Neutral
2747,@meriyuniar,semoga Indonesia bahagia dan tentram selalu,CpxBp4YhkRw,"ASN Belajar Seri 18 | 2026 - Pancasila The Living Values: ASN Menjaga Harmoni, Menguatkan Negeri",Neutral
2771,@edangpupr552,mengikuti,CpxBp4YhkRw,"ASN Belajar Seri 18 | 2026 - Pancasila The Living Values: ASN Menjaga Harmoni, Menguatkan Negeri",Neutral
2846,@gatotlistyo-y9p,hadiirt,CpxBp4YhkRw,"ASN Belajar Seri 18 | 2026 - Pancasila The Living Values: ASN Menjaga Harmoni, Menguatkan Negeri",Neutral
2919,@suwarsitbjn581,HADIRRT,CpxBp4YhkRw,"ASN Belajar Seri 18 | 2026 - Pancasila The Living Values: ASN Menjaga Harmoni, Menguatkan Negeri",Neutral
2962,@srieastoetiksrieastoetik,"Sri Astutik, SPd Disbudpar",CpxBp4YhkRw,"ASN Belajar Seri 18 | 2026 - Pancasila The Living Values: ASN Menjaga Harmoni, Menguatkan Negeri",Neutral
2971,@andrenyamz7105,kapasitas terbatas,CpxBp4YhkRw,"ASN Belajar Seri 18 | 2026 - Pancasila The Living Values: ASN Menjaga Harmoni, Menguatkan Negeri",Neutral
2982,@muhammadrifky9843,pas sekali temanya dengan hari lahir pancasila,CpxBp4YhkRw,"ASN Belajar Seri 18 | 2026 - Pancasila The Living Values: ASN Menjaga Harmoni, Menguatkan Negeri",Neutral
3037,@AgusSusanto-f4p3u,hadri,CpxBp4YhkRw,"ASN Belajar Seri 18 | 2026 - Pancasila The Living Values: ASN Menjaga Harmoni, Menguatkan Negeri",Neutral
3043,@AliSutarto-t6j,Ali Sutarto Dinas perhubungan Jember,CpxBp4YhkRw,"ASN Belajar Seri 18 | 2026 - Pancasila The Living Values: ASN Menjaga Harmoni, Menguatkan Negeri",Neutral
3064,@vinysavitri241,Viny,CpxBp4YhkRw,"ASN Belajar Seri 18 | 2026 - Pancasila The Living Values: ASN Menjaga Harmoni, Menguatkan Negeri",Neutral
3094,@IlhamGifranHarahap,min link materi di semestabangkom tidak bisa didownload,CpxBp4YhkRw,"ASN Belajar Seri 18 | 2026 - Pancasila The Living Values: ASN Menjaga Harmoni, Menguatkan Negeri",Neutral
3128,@srieastoetiksrieastoetik,Sri Astutik DISBUPAR JATIM,CpxBp4YhkRw,"ASN Belajar Seri 18 | 2026 - Pancasila The Living Values: ASN Menjaga Harmoni, Menguatkan Negeri",Neutral
3195,@aguszubaidi3755,@m.agus zubaidi,CpxBp4YhkRw,"ASN Belajar Seri 18 | 2026 - Pancasila The Living Values: ASN Menjaga Harmoni, Menguatkan Negeri",Neutral
3216,@anwariman1544,damkarmat manado,CpxBp4YhkRw,"ASN Belajar Seri 18 | 2026 - Pancasila The Living Values: ASN Menjaga Harmoni, Menguatkan Negeri",Neutral
3246,@erlinaja6245,Erlin Lindawati,CpxBp4YhkRw,"ASN Belajar Seri 18 | 2026 - Pancasila The Living Values: ASN Menjaga Harmoni, Menguatkan Negeri",Neutral
3280,@rimba15,Alhamdulillah,CpxBp4YhkRw,"ASN Belajar Seri 18 | 2026 - Pancasila The Living Values: ASN Menjaga Harmoni, Menguatkan Negeri",Neutral
3310,@baksu7044,Moch suhli jadir,CpxBp4YhkRw,"ASN Belajar Seri 18 | 2026 - Pancasila The Living Values: ASN Menjaga Harmoni, Menguatkan Negeri",Neutral
3326,@anneohp,"Benar sekali bapak, sedangkan kita tidak berdasarkan kompeten tapi masih menggunakan kedekatan dengan pimpinan.",CpxBp4YhkRw,"ASN Belajar Seri 18 | 2026 - Pancasila The Living Values: ASN Menjaga Harmoni, Menguatkan Negeri",Neutral
3404,@isnawahyu6330,Isna cdk wilayah sumenep,CpxBp4YhkRw,"ASN Belajar Seri 18 | 2026 - Pancasila The Living Values: ASN Menjaga Harmoni, Menguatkan Negeri",Neutral
3410,@anneohp,"Menjadi kelas dunia cukup sederhana dan gampang pak, setiap individu ASN sudah pasti menanamkan nilai pancasila di dirinya. tapi sayang deretan pengambil keputusan dan pimpinan masih tidak begitu",CpxBp4YhkRw,"ASN Belajar Seri 18 | 2026 - Pancasila The Living Values: ASN Menjaga Harmoni, Menguatkan Negeri",Neutral
3453,@anneohp,ibarat individu paling terang pun akan redup jika lingkungan/ekosistemnya gelap,CpxBp4YhkRw,"ASN Belajar Seri 18 | 2026 - Pancasila The Living Values: ASN Menjaga Harmoni, Menguatkan Negeri",Neutral
3492,@tripudyaningsih9655,SMAN 1 TANJUNGANOM,CpxBp4YhkRw,"ASN Belajar Seri 18 | 2026 - Pancasila The Living Values: ASN Menjaga Harmoni, Menguatkan Negeri",Neutral
3532,@kecamatanpujer8777,Budi Yoso..mengikuti,CpxBp4YhkRw,"ASN Belajar Seri 18 | 2026 - Pancasila The Living Values: ASN Menjaga Harmoni, Menguatkan Negeri",Neutral
3574,@andrenyamz7105,hadirnya,CpxBp4YhkRw,"ASN Belajar Seri 18 | 2026 - Pancasila The Living Values: ASN Menjaga Harmoni, Menguatkan Negeri",Neutral
3654,@dityaarissy8493,Ditya Arissy Agustirta_DP2KBP3A Kabupaten Karimun,CpxBp4YhkRw,"ASN Belajar Seri 18 | 2026 - Pancasila The Living Values: ASN Menjaga Harmoni, Menguatkan Negeri",Neutral
3689,@kun.misbach-c4o,Merdeka lahir-batin,CpxBp4YhkRw,"ASN Belajar Seri 18 | 2026 - Pancasila The Living Values: ASN Menjaga Harmoni, Menguatkan Negeri",Neutral
3735,@SangkuRiang-d8l,"Basuki Rahmad, ST Kecamatan Curahdami Kabupaten Bondowoso Hadir",CpxBp4YhkRw,"ASN Belajar Seri 18 | 2026 - Pancasila The Living Values: ASN Menjaga Harmoni, Menguatkan Negeri",Neutral
3773,@suyatnm8576,suyat,CpxBp4YhkRw,"ASN Belajar Seri 18 | 2026 - Pancasila The Living Values: ASN Menjaga Harmoni, Menguatkan Negeri",Neutral
3890,@zainaljordan23,ikut,CpxBp4YhkRw,"ASN Belajar Seri 18 | 2026 - Pancasila The Living Values: ASN Menjaga Harmoni, Menguatkan Negeri",Neutral
4012,@KetutYasa-u5u7z,ijin bertanya...Apa indikator yang dapat digunakan untuk mengukur keberhasilan ASN dalam menginternalisasi nilai Pancasila dalam pelayanan publik?,CpxBp4YhkRw,"ASN Belajar Seri 18 | 2026 - Pancasila The Living Values: ASN Menjaga Harmoni, Menguatkan Negeri",Neutral
4086,@haricahyokuncoro,Hari Cahyo Kuncoro - Disperindag. Jatim.,CpxBp4YhkRw,"ASN Belajar Seri 18 | 2026 - Pancasila The Living Values: ASN Menjaga Harmoni, Menguatkan Negeri",Neutral
4161,@setyowatisiset8921,SETYOWATI SMKN 1 PAGERWOJO TULUNGAGUNG....... HADIR,CpxBp4YhkRw,"ASN Belajar Seri 18 | 2026 - Pancasila The Living Values: ASN Menjaga Harmoni, Menguatkan Negeri",Neutral
4169,@FinekeSupit-c2h,Fineke Supit/PNS/Kota Manado,CpxBp4YhkRw,"ASN Belajar Seri 18 | 2026 - Pancasila The Living Values: ASN Menjaga Harmoni, Menguatkan Negeri",Neutral
4176,@zainaljordan23,alhamdulillah ,CpxBp4YhkRw,"ASN Belajar Seri 18 | 2026 - Pancasila The Living Values: ASN Menjaga Harmoni, Menguatkan Negeri",Neutral
4190,@ekopudjiono8343,MATERINYA JOSS GANDOS,CpxBp4YhkRw,"ASN Belajar Seri 18 | 2026 - Pancasila The Living Values: ASN Menjaga Harmoni, Menguatkan Negeri",Neutral
4204,@PSHTRANTINGBOYOLANGU,ELOK HADDR,CpxBp4YhkRw,"ASN Belajar Seri 18 | 2026 - Pancasila The Living Values: ASN Menjaga Harmoni, Menguatkan Negeri",Neutral
4214,@mamikanggraeni1550,ikut,CpxBp4YhkRw,"ASN Belajar Seri 18 | 2026 - Pancasila The Living Values: ASN Menjaga Harmoni, Menguatkan Negeri",Neutral
4225,@hanggorojenar,"GAruda Pancasila, akulah pendukungmu.",CpxBp4YhkRw,"ASN Belajar Seri 18 | 2026 - Pancasila The Living Values: ASN Menjaga Harmoni, Menguatkan Negeri",Neutral
4229,@skpdinKris,mendengarkan ,CpxBp4YhkRw,"ASN Belajar Seri 18 | 2026 - Pancasila The Living Values: ASN Menjaga Harmoni, Menguatkan Negeri",Neutral
4360,@lisdiana4280,lisdiana dlh hadit,CpxBp4YhkRw,"ASN Belajar Seri 18 | 2026 - Pancasila The Living Values: ASN Menjaga Harmoni, Menguatkan Negeri",Neutral
4391,@ekopudjiono8343,@kristantoe.prakoso8792 ,CpxBp4YhkRw,"ASN Belajar Seri 18 | 2026 - Pancasila The Living Values: ASN Menjaga Harmoni, Menguatkan Negeri",Neutral
4509,@hanggorojenar,BERDIRI amendenganrkan lagu Indonesia raYA,CpxBp4YhkRw,"ASN Belajar Seri 18 | 2026 - Pancasila The Living Values: ASN Menjaga Harmoni, Menguatkan Negeri",Neutral
4568,@tivanimashofienurcahyono8473,"programnya baik, tapi pelaksanaan sering tidak sesuai",CpxBp4YhkRw,"ASN Belajar Seri 18 | 2026 - Pancasila The Living Values: ASN Menjaga Harmoni, Menguatkan Negeri",Neutral
4584,@hatogamahodo4744,hatoga disbudpar mengikuti,CpxBp4YhkRw,"ASN Belajar Seri 18 | 2026 - Pancasila The Living Values: ASN Menjaga Harmoni, Menguatkan Negeri",Neutral
4597,@ekamery3382,hfir,CpxBp4YhkRw,"ASN Belajar Seri 18 | 2026 - Pancasila The Living Values: ASN Menjaga Harmoni, Menguatkan Negeri",Neutral
4619,@agungyudyana645,"Seperti yg disebutkan Bpk tadi Neg Singapura, Filandia tingkat korupsinya rendah di level internasional padahal neg2 itu TDK mpy Pancasila??? kok bisa",CpxBp4YhkRw,"ASN Belajar Seri 18 | 2026 - Pancasila The Living Values: ASN Menjaga Harmoni, Menguatkan Negeri",Neutral
4623,@satriadamurta7979,kecamatan grujugan mengikuti,CpxBp4YhkRw,"ASN Belajar Seri 18 | 2026 - Pancasila The Living Values: ASN Menjaga Harmoni, Menguatkan Negeri",Neutral
4715,@sahabatmasbroo,Adi Purwo || Grujugan || Bondowoso,CpxBp4YhkRw,"ASN Belajar Seri 18 | 2026 - Pancasila The Living Values: ASN Menjaga Harmoni, Menguatkan Negeri",Neutral
4748,@rudiawatirudiawatiiyut6854,Rudiawati,CpxBp4YhkRw,"ASN Belajar Seri 18 | 2026 - Pancasila The Living Values: ASN Menjaga Harmoni, Menguatkan Negeri",Neutral
4833,@efieindayati2666,hadif,CpxBp4YhkRw,"ASN Belajar Seri 18 | 2026 - Pancasila The Living Values: ASN Menjaga Harmoni, Menguatkan Negeri",Neutral
4835,@RNPLH,IZIN KIRANYA SETIAP MATERI UNTUK DI SHARE DI GOOGLE DRIVENYA,CpxBp4YhkRw,"ASN Belajar Seri 18 | 2026 - Pancasila The Living Values: ASN Menjaga Harmoni, Menguatkan Negeri",Neutral
4876,@khairunsp,pengamalannya yg belum nyata,CpxBp4YhkRw,"ASN Belajar Seri 18 | 2026 - Pancasila The Living Values: ASN Menjaga Harmoni, Menguatkan Negeri",Negative
4899,@mochsuyanto6058,suyanto menyimah,CpxBp4YhkRw,"ASN Belajar Seri 18 | 2026 - Pancasila The Living Values: ASN Menjaga Harmoni, Menguatkan Negeri",Neutral
4918,@RizalKurniawan-b3q,belajar tuk menambah ilmu,CpxBp4YhkRw,"ASN Belajar Seri 18 | 2026 - Pancasila The Living Values: ASN Menjaga Harmoni, Menguatkan Negeri",Positive
4936,@minarwahyumurti2400,Minar WM_ISI Yk,CpxBp4YhkRw,"ASN Belajar Seri 18 | 2026 - Pancasila The Living Values: ASN Menjaga Harmoni, Menguatkan Negeri",Neutral
4971,@RizalKurniawan-b3q,belajar Pancasila biar lebih mengerti,CpxBp4YhkRw,"ASN Belajar Seri 18 | 2026 - Pancasila The Living Values: ASN Menjaga Harmoni, Menguatkan Negeri",Positive
5009,@NurulKiptiyah15,nurulkiptiyah,CpxBp4YhkRw,"ASN Belajar Seri 18 | 2026 - Pancasila The Living Values: ASN Menjaga Harmoni, Menguatkan Negeri",Neutral
5041,@issiki_0851,ggggh,CpxBp4YhkRw,"ASN Belajar Seri 18 | 2026 - Pancasila The Living Values: ASN Menjaga Harmoni, Menguatkan Negeri",Neutral
5080,@herminmiraisnarti,Hermin Mira Isnarti Kemen Desa PDT/BPSDM mengikuti Materi : Pancasila The Living Values ini dengan seksama. Terima Kasih Banyak ya BPSDM Jatim ,CpxBp4YhkRw,"ASN Belajar Seri 18 | 2026 - Pancasila The Living Values: ASN Menjaga Harmoni, Menguatkan Negeri",Positive
5087,@tetensuryadi1686,tetensuryadi hadi,CpxBp4YhkRw,"ASN Belajar Seri 18 | 2026 - Pancasila The Living Values: ASN Menjaga Harmoni, Menguatkan Negeri",Neutral
5176,@idofernando4077,Ido Fernando Kecamatan Nglegok Kabupaten Blitar Hadir,CpxBp4YhkRw,"ASN Belajar Seri 18 | 2026 - Pancasila The Living Values: ASN Menjaga Harmoni, Menguatkan Negeri",Neutral
5271,@kamtovictory809,bagaimana cara menghadapi pegawai yang ga baik tapi berpangkat tinggi??,CpxBp4YhkRw,"ASN Belajar Seri 18 | 2026 - Pancasila The Living Values: ASN Menjaga Harmoni, Menguatkan Negeri",Neutral
5291,@budidhewawahyono1439,BUDI WAHYONO DPMD JEMBER,CpxBp4YhkRw,"ASN Belajar Seri 18 | 2026 - Pancasila The Living Values: ASN Menjaga Harmoni, Menguatkan Negeri",Neutral
5419,@anaandrianaagustin8714,Ana Andriana Agustin UPTD SPF SDN KRETEK 1 Kecamatan Taman Krocok Kabupaten Bondowoso,CpxBp4YhkRw,"ASN Belajar Seri 18 | 2026 - Pancasila The Living Values: ASN Menjaga Harmoni, Menguatkan Negeri",Neutral
5479,@AatSupriyatna-o7m,Hader,CpxBp4YhkRw,"ASN Belajar Seri 18 | 2026 - Pancasila The Living Values: ASN Menjaga Harmoni, Menguatkan Negeri",Neutral
5505,@JamesKaligis-t5g,"James R. Kaligis, S. Sos/ASN/Kelurahan Tingkulu/hadit",CpxBp4YhkRw,"ASN Belajar Seri 18 | 2026 - Pancasila The Living Values: ASN Menjaga Harmoni, Menguatkan Negeri",Neutral
5529,@prastiyoprayogi5728,sujadi DLH Jatim,CpxBp4YhkRw,"ASN Belajar Seri 18 | 2026 - Pancasila The Living Values: ASN Menjaga Harmoni, Menguatkan Negeri",Neutral
5567,@fitriyahyunianto,selamat pagi...... ikut nyimal,CpxBp4YhkRw,"ASN Belajar Seri 18 | 2026 - Pancasila The Living Values: ASN Menjaga Harmoni, Menguatkan Negeri",Neutral
5730,@tatikrimbawati6665,semangat jiwa Pancasila,CpxBp4YhkRw,"ASN Belajar Seri 18 | 2026 - Pancasila The Living Values: ASN Menjaga Harmoni, Menguatkan Negeri",Positive
5734,@nancybetty-mb3je,SUARA KECIL,CpxBp4YhkRw,"ASN Belajar Seri 18 | 2026 - Pancasila The Living Values: ASN Menjaga Harmoni, Menguatkan Negeri",Negative
5817,@jackfarschannel8183,JAKFAR SHODIQ Kecamatan Tegalampel Bondowoso... HADIR,CpxBp4YhkRw,"ASN Belajar Seri 18 | 2026 - Pancasila The Living Values: ASN Menjaga Harmoni, Menguatkan Negeri",Neutral
5862,@PebriMariacita,masih stay,CpxBp4YhkRw,"ASN Belajar Seri 18 | 2026 - Pancasila The Living Values: ASN Menjaga Harmoni, Menguatkan Negeri",Neutral
5865,@HariyatiMuji,"Dra. Hariyati, SH, MM, ...",CpxBp4YhkRw,"ASN Belajar Seri 18 | 2026 - Pancasila The Living Values: ASN Menjaga Harmoni, Menguatkan Negeri",Neutral
5925,@adiciminggir,present,CpxBp4YhkRw,"ASN Belajar Seri 18 | 2026 - Pancasila The Living Values: ASN Menjaga Harmoni, Menguatkan Negeri",Neutral
5952,@LeNtoJeh,Mohon maaf telat kabar,CpxBp4YhkRw,"ASN Belajar Seri 18 | 2026 - Pancasila The Living Values: ASN Menjaga Harmoni, Menguatkan Negeri",Negative
6025,@PurwantoUptpeternakan,mengikuti untuk memahami,CpxBp4YhkRw,"ASN Belajar Seri 18 | 2026 - Pancasila The Living Values: ASN Menjaga Harmoni, Menguatkan Negeri",Positive
6080,@KomangYudhaDiskopJatim,"Komang Yudha Diskop, UKM Prov Jatim",CpxBp4YhkRw,"ASN Belajar Seri 18 | 2026 - Pancasila The Living Values: ASN Menjaga Harmoni, Menguatkan Negeri",Neutral
6231,@trionobasuki7948,triono,CpxBp4YhkRw,"ASN Belajar Seri 18 | 2026 - Pancasila The Living Values: ASN Menjaga Harmoni, Menguatkan Negeri",Neutral
6235,@AliMukti-x8f,ALI MUKTI,CpxBp4YhkRw,"ASN Belajar Seri 18 | 2026 - Pancasila The Living Values: ASN Menjaga Harmoni, Menguatkan Negeri",Neutral
6290,@MeyerSibarani,stnadbye,CpxBp4YhkRw,"ASN Belajar Seri 18 | 2026 - Pancasila The Living Values: ASN Menjaga Harmoni, Menguatkan Negeri",Neutral
6304,@bamspanji7548,NKRI harga mati ... merdekaaaa,CpxBp4YhkRw,"ASN Belajar Seri 18 | 2026 - Pancasila The Living Values: ASN Menjaga Harmoni, Menguatkan Negeri",Positive
6388,@GilangSatria-n5e,mantep,CpxBp4YhkRw,"ASN Belajar Seri 18 | 2026 - Pancasila The Living Values: ASN Menjaga Harmoni, Menguatkan Negeri",Positive
6438,@bambangirawan4587,mengikuti..,CpxBp4YhkRw,"ASN Belajar Seri 18 | 2026 - Pancasila The Living Values: ASN Menjaga Harmoni, Menguatkan Negeri",Neutral
6707,@muhammadhaidarfachrudin2413,Haddiirrrr,CpxBp4YhkRw,"ASN Belajar Seri 18 | 2026 - Pancasila The Living Values: ASN Menjaga Harmoni, Menguatkan Negeri",Neutral
6734,@DidikKusbiantoro-b6z3v,@Didik kusbiantoro,CpxBp4YhkRw,"ASN Belajar Seri 18 | 2026 - Pancasila The Living Values: ASN Menjaga Harmoni, Menguatkan Negeri",Neutral
6745,@rezafiqhi3445,Rezza Fiqih Syarifudin Hadi,CpxBp4YhkRw,"ASN Belajar Seri 18 | 2026 - Pancasila The Living Values: ASN Menjaga Harmoni, Menguatkan Negeri",Neutral
6805,@bambangsuyatno6767,Bambang S,CpxBp4YhkRw,"ASN Belajar Seri 18 | 2026 - Pancasila The Living Values: ASN Menjaga Harmoni, Menguatkan Negeri",Neutral
6857,@FANANIJEPUNSUMENEP,FANANI JEPUN SUMENEP,CpxBp4YhkRw,"ASN Belajar Seri 18 | 2026 - Pancasila The Living Values: ASN Menjaga Harmoni, Menguatkan Negeri",Neutral
6878,@sriutami2777,PMK Probolinggo,CpxBp4YhkRw,"ASN Belajar Seri 18 | 2026 - Pancasila The Living Values: ASN Menjaga Harmoni, Menguatkan Negeri",Neutral
6940,@sandraSetiawati-f7i,"HADIR, agak terlambat karena sedang rapat lainnya kak mohon maaf",CpxBp4YhkRw,"ASN Belajar Seri 18 | 2026 - Pancasila The Living Values: ASN Menjaga Harmoni, Menguatkan Negeri",Neutral
7079,@HariyatiMuji,"bapak/ibu sbg penyelenggara, mohon share materinya ya",CpxBp4YhkRw,"ASN Belajar Seri 18 | 2026 - Pancasila The Living Values: ASN Menjaga Harmoni, Menguatkan Negeri",Neutral
7145,@suwajiwaji191,suwaji,CpxBp4YhkRw,"ASN Belajar Seri 18 | 2026 - Pancasila The Living Values: ASN Menjaga Harmoni, Menguatkan Negeri",Neutral
7156,@steffgregg8399,gimana caranya menguatkan negeri kalau IHSG turun terus dan rupiah terhadap dolar naik terus?,CpxBp4YhkRw,"ASN Belajar Seri 18 | 2026 - Pancasila The Living Values: ASN Menjaga Harmoni, Menguatkan Negeri",Neutral
7177,@taufikrahman8566,siap,CpxBp4YhkRw,"ASN Belajar Seri 18 | 2026 - Pancasila The Living Values: ASN Menjaga Harmoni, Menguatkan Negeri",Positive
7184,@taufikrahman8566,bergabung,CpxBp4YhkRw,"ASN Belajar Seri 18 | 2026 - Pancasila The Living Values: ASN Menjaga Harmoni, Menguatkan Negeri",Neutral
7618,@aissidiki2355,GORONTALO,CpxBp4YhkRw,"ASN Belajar Seri 18 | 2026 - Pancasila The Living Values: ASN Menjaga Harmoni, Menguatkan Negeri",Neutral
7666,@cahyadiansyah7758,webinar semesta dikunci host jadi keluar ,CpxBp4YhkRw,"ASN Belajar Seri 18 | 2026 - Pancasila The Living Values: ASN Menjaga Harmoni, Menguatkan Negeri",Negative
7722,@yuniaristiani-pe9sl,nurdiana yuni aristiani tkn pembina kaliwates jember hadir,CpxBp4YhkRw,"ASN Belajar Seri 18 | 2026 - Pancasila The Living Values: ASN Menjaga Harmoni, Menguatkan Negeri",Neutral
7725,@emakoswara1769,Ema Biro Adpim Provinsi Jawa Barat mengikuti,CpxBp4YhkRw,"ASN Belajar Seri 18 | 2026 - Pancasila The Living Values: ASN Menjaga Harmoni, Menguatkan Negeri",Neutral
7750,@riniwidyastuti4698,Rini widyastuti s. pdTKN. pembina kaliwates jember,CpxBp4YhkRw,"ASN Belajar Seri 18 | 2026 - Pancasila The Living Values: ASN Menjaga Harmoni, Menguatkan Negeri",Neutral
7764,@YuriErawati,hsdir,CpxBp4YhkRw,"ASN Belajar Seri 18 | 2026 - Pancasila The Living Values: ASN Menjaga Harmoni, Menguatkan Negeri",Neutral
7765,@bamspanji7548,saya kira yang paling sulit diterapkan orang tak mempunyai sikap berkeadilan sosial bagi seluruh rakyat indonesia.,CpxBp4YhkRw,"ASN Belajar Seri 18 | 2026 - Pancasila The Living Values: ASN Menjaga Harmoni, Menguatkan Negeri",Neutral
7910,@dhiankartika5450,Sila 4 dor dor dor,CpxBp4YhkRw,"ASN Belajar Seri 18 | 2026 - Pancasila The Living Values: ASN Menjaga Harmoni, Menguatkan Negeri",Neutral
7961,@bambangtriyono4728,sesuai nilai nilai yang di muat dalam butir butir pancasila pada pelajaran P4,CpxBp4YhkRw,"ASN Belajar Seri 18 | 2026 - Pancasila The Living Values: ASN Menjaga Harmoni, Menguatkan Negeri",Neutral
8021,@tatikrimbawati6665,semestabangkom jatim okee,CpxBp4YhkRw,"ASN Belajar Seri 18 | 2026 - Pancasila The Living Values: ASN Menjaga Harmoni, Menguatkan Negeri",Positive
8050,@ratinoratino4304,semangat,CpxBp4YhkRw,"ASN Belajar Seri 18 | 2026 - Pancasila The Living Values: ASN Menjaga Harmoni, Menguatkan Negeri",Positive
8071,@ratinoratino4304,salam sehat semuanya,CpxBp4YhkRw,"ASN Belajar Seri 18 | 2026 - Pancasila The Living Values: ASN Menjaga Harmoni, Menguatkan Negeri",Positive
8083,@W4yneee3,seruuuu,CpxBp4YhkRw,"ASN Belajar Seri 18 | 2026 - Pancasila The Living Values: ASN Menjaga Harmoni, Menguatkan Negeri",Positive
8116,@detra7127,trmks ilmunya narsum yg luar biasa,CpxBp4YhkRw,"ASN Belajar Seri 18 | 2026 - Pancasila The Living Values: ASN Menjaga Harmoni, Menguatkan Negeri",Positive
8168,@bamspanji7548,@bambangtriyono4728 P4 msewaktu jaman sekolah dulu,CpxBp4YhkRw,"ASN Belajar Seri 18 | 2026 - Pancasila The Living Values: ASN Menjaga Harmoni, Menguatkan Negeri",Neutral
8235,@edysyahputra-g7h,Edi Syahputra BBWSS II Medan mengikuti,CpxBp4YhkRw,"ASN Belajar Seri 18 | 2026 - Pancasila The Living Values: ASN Menjaga Harmoni, Menguatkan Negeri",Neutral
8280,@DidikSenoaji,@Didik Seno......masih monitor,CpxBp4YhkRw,"ASN Belajar Seri 18 | 2026 - Pancasila The Living Values: ASN Menjaga Harmoni, Menguatkan Negeri",Neutral
8300,@fauziWahyukurnia,RSDKalisat..masih mengikuti,CpxBp4YhkRw,"ASN Belajar Seri 18 | 2026 - Pancasila The Living Values: ASN Menjaga Harmoni, Menguatkan Negeri",Neutral
8313,@bamspanji7548,@bambangtriyono4728 pelajaran P4 mengingatkan sewaktu kita duduk dibangku sekolah dasar,CpxBp4YhkRw,"ASN Belajar Seri 18 | 2026 - Pancasila The Living Values: ASN Menjaga Harmoni, Menguatkan Negeri",Neutral
8327,@helmisuzanty2238,terima kasih untuk paparannya pak,CpxBp4YhkRw,"ASN Belajar Seri 18 | 2026 - Pancasila The Living Values: ASN Menjaga Harmoni, Menguatkan Negeri",Positive
8331,@Adityakotaros,Aditya Yoga Pamungkas,CpxBp4YhkRw,"ASN Belajar Seri 18 | 2026 - Pancasila The Living Values: ASN Menjaga Harmoni, Menguatkan Negeri",Neutral
8425,@Robert-81,stephen robert kota manado,CpxBp4YhkRw,"ASN Belajar Seri 18 | 2026 - Pancasila The Living Values: ASN Menjaga Harmoni, Menguatkan Negeri",Neutral
8439,@Muhisnaeni-sf3ee,"Halo, salam sehat buat teman ASN",CpxBp4YhkRw,"ASN Belajar Seri 18 | 2026 - Pancasila The Living Values: ASN Menjaga Harmoni, Menguatkan Negeri",Positive
8457,@miersaaqnikurnia1220,"Mantab sekali, tokoh Sosiologi Kritik Jean Baudrillard tentang hiperrealitas dibahas wkwkwk",CpxBp4YhkRw,"ASN Belajar Seri 18 | 2026 - Pancasila The Living Values: ASN Menjaga Harmoni, Menguatkan Negeri",Positive
8509,@SetwanLmj,mantap,CpxBp4YhkRw,"ASN Belajar Seri 18 | 2026 - Pancasila The Living Values: ASN Menjaga Harmoni, Menguatkan Negeri",Positive
8534,@junaidikusnah,juni adi kusnah BBWSS II Medan mengikuti,CpxBp4YhkRw,"ASN Belajar Seri 18 | 2026 - Pancasila The Living Values: ASN Menjaga Harmoni, Menguatkan Negeri",Neutral
8581,@detra7127,Trmks narsum dan panitia semua,CpxBp4YhkRw,"ASN Belajar Seri 18 | 2026 - Pancasila The Living Values: ASN Menjaga Harmoni, Menguatkan Negeri",Positive
8613,@triwedaraharjo1774,Terima kasih Narsum dan panitia,CpxBp4YhkRw,"ASN Belajar Seri 18 | 2026 - Pancasila The Living Values: ASN Menjaga Harmoni, Menguatkan Negeri",Positive
8619,@suwantowanto8346,Terima kasih narsum dan pantia yang super hebat..,CpxBp4YhkRw,"ASN Belajar Seri 18 | 2026 - Pancasila The Living Values: ASN Menjaga Harmoni, Menguatkan Negeri",Positive
8632,@mardiatiati1272,pancasila the living values,CpxBp4YhkRw,"ASN Belajar Seri 18 | 2026 - Pancasila The Living Values: ASN Menjaga Harmoni, Menguatkan Negeri",Neutral
8684,@WahyuFirmansyah-g9k,Balai Dalkarhut Wilayah Kalimantan,CpxBp4YhkRw,"ASN Belajar Seri 18 | 2026 - Pancasila The Living Values: ASN Menjaga Harmoni, Menguatkan Negeri",Neutral
8879,@mdssyafei3907,Kecamatan Harjamukti kota Cirrbon,CpxBp4YhkRw,"ASN Belajar Seri 18 | 2026 - Pancasila The Living Values: ASN Menjaga Harmoni, Menguatkan Negeri",Neutral
8948,@tatikrimbawati6665,iya prof betul,CpxBp4YhkRw,"ASN Belajar Seri 18 | 2026 - Pancasila The Living Values: ASN Menjaga Harmoni, Menguatkan Negeri",Positive
8955,@putriwidiasari,.,CpxBp4YhkRw,"ASN Belajar Seri 18 | 2026 - Pancasila The Living Values: ASN Menjaga Harmoni, Menguatkan Negeri",Neutral
9042,@muhammadhaidarfachrudin2413,Haddiirr,CpxBp4YhkRw,"ASN Belajar Seri 18 | 2026 - Pancasila The Living Values: ASN Menjaga Harmoni, Menguatkan Negeri",Neutral
9089,@NaningHindyawati,Naning Hindyawati,CpxBp4YhkRw,"ASN Belajar Seri 18 | 2026 - Pancasila The Living Values: ASN Menjaga Harmoni, Menguatkan Negeri",Neutral
9226,@edyheruprasetyo,hadirin,CpxBp4YhkRw,"ASN Belajar Seri 18 | 2026 - Pancasila The Living Values: ASN Menjaga Harmoni, Menguatkan Negeri",Neutral
9291,@helsawidyairawati8909,Helsa,CpxBp4YhkRw,"ASN Belajar Seri 18 | 2026 - Pancasila The Living Values: ASN Menjaga Harmoni, Menguatkan Negeri",Neutral
9357,@lekamadnez8300,JANGAN LUPA NGOPI,CpxBp4YhkRw,"ASN Belajar Seri 18 | 2026 - Pancasila The Living Values: ASN Menjaga Harmoni, Menguatkan Negeri",Neutral
9436,@TKnegripembinajember,"SRI WAHYUNI NINGSIH, TKN PEMBINA KALIWATES JEMBER, HADIR.",CpxBp4YhkRw,"ASN Belajar Seri 18 | 2026 - Pancasila The Living Values: ASN Menjaga Harmoni, Menguatkan Negeri",Neutral
9485,@warsunjayari9442,Bu,CpxBp4YhkRw,"ASN Belajar Seri 18 | 2026 - Pancasila The Living Values: ASN Menjaga Harmoni, Menguatkan Negeri",Neutral
9490,@firmanali8590,Firman Pelani ,CpxBp4YhkRw,"ASN Belajar Seri 18 | 2026 - Pancasila The Living Values: ASN Menjaga Harmoni, Menguatkan Negeri",Neutral
9511,@mawarsitorus3445,"seandainya nilai2 yang ibu sampaikan dapat diaplikasikan oleh seluruh bangsa Indonesia, mulai dari Pimpinan tertinggi sampai kepada rakyat kecil. maka amanlah negara ini",CpxBp4YhkRw,"ASN Belajar Seri 18 | 2026 - Pancasila The Living Values: ASN Menjaga Harmoni, Menguatkan Negeri",Positive
9574,@PatwaBws,Bondowoso hdir,CpxBp4YhkRw,"ASN Belajar Seri 18 | 2026 - Pancasila The Living Values: ASN Menjaga Harmoni, Menguatkan Negeri",Neutral
9593,@pamungkashw1223,ngopi jangan lupa ngopi,CpxBp4YhkRw,"ASN Belajar Seri 18 | 2026 - Pancasila The Living Values: ASN Menjaga Harmoni, Menguatkan Negeri",Neutral
9699,@PesonaTujuh-f8z,suaranya tidak terdengar,CpxBp4YhkRw,"ASN Belajar Seri 18 | 2026 - Pancasila The Living Values: ASN Menjaga Harmoni, Menguatkan Negeri",Negative
9840,@fuadsyauqi-z7x,Terima Kasih BPSDM JATIM,CpxBp4YhkRw,"ASN Belajar Seri 18 | 2026 - Pancasila The Living Values: ASN Menjaga Harmoni, Menguatkan Negeri",Positive
10068,@pamungkashw1223,masih stanby,CpxBp4YhkRw,"ASN Belajar Seri 18 | 2026 - Pancasila The Living Values: ASN Menjaga Harmoni, Menguatkan Negeri",Neutral
10132,@jurianto1320,daftar hdir tidak bisa buka,CpxBp4YhkRw,"ASN Belajar Seri 18 | 2026 - Pancasila The Living Values: ASN Menjaga Harmoni, Menguatkan Negeri",Negative
10195,@Armandx3m,"Kalau melihat peristiwa kontroversial di Pemerintah Pusat, carut marut ekonomi, IHSG dan kurs dollar yang menggila, hukum tumpul ke atas taja, ke bawah, korupsi di semua sektor dst. Pancasila dimana?",CpxBp4YhkRw,"ASN Belajar Seri 18 | 2026 - Pancasila The Living Values: ASN Menjaga Harmoni, Menguatkan Negeri",Negative
10225,@MatKhoiri-x5m,PANCASILS SEBAGAI LIVING VALUES KENAPA PARA PEJABAT DI INDONESIA SEMAKIN BANYAK SEBAGAI KORUPTOR DAN BUKAN SEBAGAI PELAYAN PUBLIK YANG BAIK KENAPA ??,CpxBp4YhkRw,"ASN Belajar Seri 18 | 2026 - Pancasila The Living Values: ASN Menjaga Harmoni, Menguatkan Negeri",Negative
10226,@tatikrimbawati6665,pelayanan prima /melayani dengan sepenuh hati,CpxBp4YhkRw,"ASN Belajar Seri 18 | 2026 - Pancasila The Living Values: ASN Menjaga Harmoni, Menguatkan Negeri",Positive
10233,@bamspanji7548,pancasila akan hidup kalau orang2 mau menjalankan dan mengamalkan nilai2 pancasila ...,CpxBp4YhkRw,"ASN Belajar Seri 18 | 2026 - Pancasila The Living Values: ASN Menjaga Harmoni, Menguatkan Negeri",Neutral
10460,@desyhafizah6086,suaranya menghilang,CpxBp4YhkRw,"ASN Belajar Seri 18 | 2026 - Pancasila The Living Values: ASN Menjaga Harmoni, Menguatkan Negeri",Negative
10472,@tatikrimbawati6665,"belajar rendah hati dan tidak sombong, Lillahi ta'alla",CpxBp4YhkRw,"ASN Belajar Seri 18 | 2026 - Pancasila The Living Values: ASN Menjaga Harmoni, Menguatkan Negeri",Positive
10675,@bambangtriyono4728,tapi kadang tugas dari sekolah disampaikan lewat HP jadi bisa buat alasan anak anak untuk pegang HP,CpxBp4YhkRw,"ASN Belajar Seri 18 | 2026 - Pancasila The Living Values: ASN Menjaga Harmoni, Menguatkan Negeri",Neutral
10681,@Daissy_Ssi,"Daisy Fandira Prastiwi, Dinas Koperasi dan UKM Provinsi Jawa Timur ",CpxBp4YhkRw,"ASN Belajar Seri 18 | 2026 - Pancasila The Living Values: ASN Menjaga Harmoni, Menguatkan Negeri",Neutral
11235,@KecamatanIjen,Bagaimana nilai-nilai Pancasila dapat diterapkan untuk meningkatkan perlindungan dan kesejahteraan ASN,CpxBp4YhkRw,"ASN Belajar Seri 18 | 2026 - Pancasila The Living Values: ASN Menjaga Harmoni, Menguatkan Negeri",Neutral
11412,@tatikrimbawati6665,Aamiin,CpxBp4YhkRw,"ASN Belajar Seri 18 | 2026 - Pancasila The Living Values: ASN Menjaga Harmoni, Menguatkan Negeri",Positive
11476,@bamspanji7548,"kalau itachi, sengkuni di konoha tdk ada saya yakin negara indonesia hidup rukun dan makmur ..",CpxBp4YhkRw,"ASN Belajar Seri 18 | 2026 - Pancasila The Living Values: ASN Menjaga Harmoni, Menguatkan Negeri",Neutral
11548,@ekopudjiono8343,Materi webiner kali ini sangat ,CpxBp4YhkRw,"ASN Belajar Seri 18 | 2026 - Pancasila The Living Values: ASN Menjaga Harmoni, Menguatkan Negeri",Positive
11602,@ekoyunianto8690,mo,CpxBp4YhkRw,"ASN Belajar Seri 18 | 2026 - Pancasila The Living Values: ASN Menjaga Harmoni, Menguatkan Negeri",Neutral
11843,@SarmiSarmi-ke6gu,sarmihadir,CpxBp4YhkRw,"ASN Belajar Seri 18 | 2026 - Pancasila The Living Values: ASN Menjaga Harmoni, Menguatkan Negeri",Neutral
11926,@utarisagena,"izin bertanya, sejauh ini kami melihat kehadiran negara mana? anak gelandanagn masih banyak, lapangan pekerjaan belum tersedia, biaya pendidikan juga sangat mencekik. sebgai ASN, ini sngt menyat hati",CpxBp4YhkRw,"ASN Belajar Seri 18 | 2026 - Pancasila The Living Values: ASN Menjaga Harmoni, Menguatkan Negeri",Negative
11938,@DedyprimaRaharja-u2e1z,eror,CpxBp4YhkRw,"ASN Belajar Seri 18 | 2026 - Pancasila The Living Values: ASN Menjaga Harmoni, Menguatkan Negeri",Negative
12045,@tatikrimbawati6665,"bersyukur jd ASN , jalani dgn lillahi ta'alla, anugrah dr Allah ",CpxBp4YhkRw,"ASN Belajar Seri 18 | 2026 - Pancasila The Living Values: ASN Menjaga Harmoni, Menguatkan Negeri",Positive
12098,@bellimaydo8243,Penjara seperti jaman kolonial pasti bikin jera,CpxBp4YhkRw,"ASN Belajar Seri 18 | 2026 - Pancasila The Living Values: ASN Menjaga Harmoni, Menguatkan Negeri",Neutral
12185,@tatikrimbawati6665,"Alhamdulillah, terimakasih",CpxBp4YhkRw,"ASN Belajar Seri 18 | 2026 - Pancasila The Living Values: ASN Menjaga Harmoni, Menguatkan Negeri",Positive
12242,@alvinaekaputri9798,kholil,CpxBp4YhkRw,"ASN Belajar Seri 18 | 2026 - Pancasila The Living Values: ASN Menjaga Harmoni, Menguatkan Negeri",Neutral
12349,@lukylamiati7593,semestabangkom error??,CpxBp4YhkRw,"ASN Belajar Seri 18 | 2026 - Pancasila The Living Values: ASN Menjaga Harmoni, Menguatkan Negeri",Negative
12368,@puspitasariikke,Link materinya masih kosong pak/bu ,CpxBp4YhkRw,"ASN Belajar Seri 18 | 2026 - Pancasila The Living Values: ASN Menjaga Harmoni, Menguatkan Negeri",Negative
12517,@yannejakqulinesarijowan8055,Linknx error kah?,CpxBp4YhkRw,"ASN Belajar Seri 18 | 2026 - Pancasila The Living Values: ASN Menjaga Harmoni, Menguatkan Negeri",Negative
